{"IcoMoonType":"selection","icons":[{"icon":{"paths":["M1024 768v73.143c0 20-16.571 36.571-36.571 36.571h-950.857c-20 0-36.571-16.571-36.571-36.571v-73.143c0-20 16.571-36.571 36.571-36.571h950.857c20 0 36.571 16.571 36.571 36.571zM1024 548.571v73.143c0 20-16.571 36.571-36.571 36.571h-950.857c-20 0-36.571-16.571-36.571-36.571v-73.143c0-20 16.571-36.571 36.571-36.571h950.857c20 0 36.571 16.571 36.571 36.571zM1024 329.143v73.143c0 20-16.571 36.571-36.571 36.571h-950.857c-20 0-36.571-16.571-36.571-36.571v-73.143c0-20 16.571-36.571 36.571-36.571h950.857c20 0 36.571 16.571 36.571 36.571zM1024 109.714v73.143c0 20-16.571 36.571-36.571 36.571h-950.857c-20 0-36.571-16.571-36.571-36.571v-73.143c0-20 16.571-36.571 36.571-36.571h950.857c20 0 36.571 16.571 36.571 36.571z"],"width":1024,"attrs":[],"isMulticolor":false,"isMulticolor2":false,"tags":["align-justify"],"defaultCode":61497,"grid":14},"attrs":[],"properties":{"name":"align-justify","id":58,"order":2,"prevSize":28,"code":61497},"setIdx":1,"setId":2,"iconIdx":58},{"icon":{"paths":["M640 146.286h-475.429c-50.286 0-91.429 41.143-91.429 91.429v475.429c0 50.286 41.143 91.429 91.429 91.429h475.429c50.286 0 91.429-41.143 91.429-91.429v-475.429c0-50.286-41.143-91.429-91.429-91.429zM804.571 237.714v475.429c0 90.857-73.714 164.571-164.571 164.571h-475.429c-90.857 0-164.571-73.714-164.571-164.571v-475.429c0-90.857 73.714-164.571 164.571-164.571h475.429c90.857 0 164.571 73.714 164.571 164.571z"],"width":804.5714285714286,"attrs":[],"isMulticolor":false,"isMulticolor2":false,"tags":["square-o"],"defaultCode":61590,"grid":14},"attrs":[],"properties":{"name":"square-o","id":142,"order":5,"prevSize":28,"code":61590},"setIdx":1,"setId":2,"iconIdx":142},{"icon":{"paths":["M548 6.857v150.857h-89.714c-70.286 0-83.429 33.714-83.429 82.286v108h167.429l-22.286 169.143h-145.143v433.714h-174.857v-433.714h-145.714v-169.143h145.714v-124.571c0-144.571 88.571-223.429 217.714-223.429 61.714 0 114.857 4.571 130.286 6.857z"],"width":602.2582857142856,"attrs":[],"isMulticolor":false,"isMulticolor2":false,"tags":["facebook","facebook-f"],"defaultCode":61594,"grid":14},"attrs":[],"properties":{"name":"facebook, facebook-f","id":146,"order":9,"prevSize":28,"code":61594},"setIdx":1,"setId":2,"iconIdx":146},{"icon":{"paths":["M731.429 914.286c0-20-16.571-36.571-36.571-36.571s-36.571 16.571-36.571 36.571 16.571 36.571 36.571 36.571 36.571-16.571 36.571-36.571zM804.571 477.714c0-64.571-26.286-108-95.429-108-10.857 0-21.714 1.143-32 2.857-13.143-24-45.714-37.143-72-37.143-13.714 0-27.429 3.429-39.429 10.286-18.286-19.429-41.143-30.286-68-30.286-18.286 0-45.143 8-58.857 20v-189.143c0-39.429-33.714-73.143-73.143-73.143-38.857 0-73.143 34.857-73.143 73.143v329.143c-36 0-73.143-54.857-146.286-54.857-54.857 0-73.143 42.857-73.143 91.429 0 16 66.286 45.143 79.429 51.429 12.571 6.857 25.143 13.714 37.143 21.143 30.286 18.857 56.571 40.571 82.857 64 41.714 36.571 93.143 77.143 93.143 137.714v18.286h365.714v-18.286c0-100 73.143-197.714 73.143-308.571zM877.714 474.857c0 64-17.714 124.571-39.429 184-12.571 34.857-33.714 91.429-33.714 127.429v164.571c0 40.571-32.571 73.143-73.143 73.143h-365.714c-40.571 0-73.143-32.571-73.143-73.143v-164.571c0-27.429-49.143-66.286-68-82.857-23.429-20.571-46.857-40-73.714-57.143-53.143-33.143-150.857-57.714-150.857-134.286 0-90.857 49.714-164.571 146.286-164.571 25.143 0 49.714 4 73.143 12.571v-213.714c0-78.857 66.857-146.286 145.714-146.286 80 0 146.857 66.286 146.857 146.286v96.571c24 1.714 46.857 9.143 68 21.143 8-1.143 16.571-1.714 24.571-1.714 36.571 0 73.143 12 101.714 34.286 108-1.143 171.429 72.571 171.429 178.286z"],"width":877.7142857142857,"attrs":[],"isMulticolor":false,"isMulticolor2":false,"tags":["hand-o-up"],"defaultCode":61606,"grid":14},"attrs":[],"properties":{"name":"hand-o-up","id":157,"order":7,"prevSize":28,"code":61606},"setIdx":1,"setId":2,"iconIdx":157},{"icon":{"paths":["M877.714 237.714v548.571c0 90.857-73.714 164.571-164.571 164.571h-548.571c-90.857 0-164.571-73.714-164.571-164.571v-548.571c0-90.857 73.714-164.571 164.571-164.571h548.571c90.857 0 164.571 73.714 164.571 164.571z"],"width":877.7142857142857,"attrs":[],"isMulticolor":false,"isMulticolor2":false,"tags":["square"],"defaultCode":61640,"grid":14},"attrs":[],"properties":{"name":"square","id":177,"order":6,"prevSize":28,"code":61640},"setIdx":1,"setId":2,"iconIdx":177},{"icon":{"paths":["M438.857 548.571v219.429c0 60.571-49.143 109.714-109.714 109.714h-219.429c-60.571 0-109.714-49.143-109.714-109.714v-402.286c0-161.143 131.429-292.571 292.571-292.571h36.571c20 0 36.571 16.571 36.571 36.571v73.143c0 20-16.571 36.571-36.571 36.571h-36.571c-80.571 0-146.286 65.714-146.286 146.286v18.286c0 30.286 24.571 54.857 54.857 54.857h128c60.571 0 109.714 49.143 109.714 109.714zM950.857 548.571v219.429c0 60.571-49.143 109.714-109.714 109.714h-219.429c-60.571 0-109.714-49.143-109.714-109.714v-402.286c0-161.143 131.429-292.571 292.571-292.571h36.571c20 0 36.571 16.571 36.571 36.571v73.143c0 20-16.571 36.571-36.571 36.571h-36.571c-80.571 0-146.286 65.714-146.286 146.286v18.286c0 30.286 24.571 54.857 54.857 54.857h128c60.571 0 109.714 49.143 109.714 109.714z"],"width":950.8571428571428,"attrs":[],"isMulticolor":false,"isMulticolor2":false,"tags":["quote-left"],"defaultCode":61709,"grid":14},"attrs":[],"properties":{"name":"quote-left","id":242,"order":8,"prevSize":28,"code":61709},"setIdx":1,"setId":2,"iconIdx":242},{"icon":{"paths":["M585.143 512c0-80.571-65.714-146.286-146.286-146.286s-146.286 65.714-146.286 146.286 65.714 146.286 146.286 146.286 146.286-65.714 146.286-146.286zM664 512c0 124.571-100.571 225.143-225.143 225.143s-225.143-100.571-225.143-225.143 100.571-225.143 225.143-225.143 225.143 100.571 225.143 225.143zM725.714 277.714c0 29.143-23.429 52.571-52.571 52.571s-52.571-23.429-52.571-52.571 23.429-52.571 52.571-52.571 52.571 23.429 52.571 52.571zM438.857 152c-64 0-201.143-5.143-258.857 17.714-20 8-34.857 17.714-50.286 33.143s-25.143 30.286-33.143 50.286c-22.857 57.714-17.714 194.857-17.714 258.857s-5.143 201.143 17.714 258.857c8 20 17.714 34.857 33.143 50.286s30.286 25.143 50.286 33.143c57.714 22.857 194.857 17.714 258.857 17.714s201.143 5.143 258.857-17.714c20-8 34.857-17.714 50.286-33.143s25.143-30.286 33.143-50.286c22.857-57.714 17.714-194.857 17.714-258.857s5.143-201.143-17.714-258.857c-8-20-17.714-34.857-33.143-50.286s-30.286-25.143-50.286-33.143c-57.714-22.857-194.857-17.714-258.857-17.714zM877.714 512c0 60.571 0.571 120.571-2.857 181.143-3.429 70.286-19.429 132.571-70.857 184s-113.714 67.429-184 70.857c-60.571 3.429-120.571 2.857-181.143 2.857s-120.571 0.571-181.143-2.857c-70.286-3.429-132.571-19.429-184-70.857s-67.429-113.714-70.857-184c-3.429-60.571-2.857-120.571-2.857-181.143s-0.571-120.571 2.857-181.143c3.429-70.286 19.429-132.571 70.857-184s113.714-67.429 184-70.857c60.571-3.429 120.571-2.857 181.143-2.857s120.571-0.571 181.143 2.857c70.286 3.429 132.571 19.429 184 70.857s67.429 113.714 70.857 184c3.429 60.571 2.857 120.571 2.857 181.143z"],"width":877.7142857142857,"attrs":[],"isMulticolor":false,"isMulticolor2":false,"tags":["instagram"],"defaultCode":61805,"grid":14},"attrs":[],"properties":{"name":"instagram","id":329,"order":10,"prevSize":28,"code":61805},"setIdx":1,"setId":2,"iconIdx":329},{"icon":{"paths":["M1024 457.143v109.714c0 10.286-8 18.286-18.286 18.286h-713.143v128c0 7.429-4 13.714-10.857 16.571s-14.286 1.714-20-2.857l-219.429-200c-3.429-3.429-5.714-8-5.714-13.143v0c0-5.143 2.286-10.286 5.714-13.714l219.429-202.286c5.714-5.143 13.143-6.286 20-3.429 6.286 2.857 10.857 9.143 10.857 16.571v128h713.143c10.286 0 18.286 8 18.286 18.286z"],"width":1060.5714285714284,"attrs":[],"isMulticolor":false,"isMulticolor2":false,"tags":["long-arrow-left"],"defaultCode":61815,"grid":14},"attrs":[],"properties":{"name":"long-arrow-left","id":338,"order":4,"prevSize":28,"code":61815},"setIdx":1,"setId":2,